#Term	Mutual Info	Result
關雎	7.901010752311308	1
淑女	8.190517369506294	1
雎鳩	7.0385142760612425	1
關關	4.4415791336740105	1
參差	9.775479870227448	1
寤寐	10.360442370948604	1
君子	9.038514276061242	1
琴瑟	11.360442370948606	1
鐘鼓	11.360442370948606	1
荇菜	9.775479870227448	1
窈窕	8.775479870227448	1
左右	9.775479870227448	1
